k,inertia,silhouette_score
2,133890.76969822153,0.5200930642009803
3,85563.64633384116,0.44224460450049613
4,66966.70312401622,0.43935276235529197
5,54808.35083253842,0.3969525761641439
